-0.026894,0.045137
-0.026844,0.030091
-0.026794,-0.007523
-0.026744,0.007523
-0.026694,0
-0.026644,-0.015046
-0.026594,0.037614
-0.026544,0.075228
-0.026494,0.05266
-0.026444,0.022568
-0.026394,0.037614
-0.026344,0.045137
-0.026294,0.067705
-0.026244,0.127888
-0.026194,0.112842
-0.026144,0.037614
-0.026094,0.007523
-0.026044,0
-0.025994,-0.037614
-0.025944,0.022568
-0.025894,0.097796
-0.025844,0.112842
-0.025794,0.090274
-0.025744,0.045137
-0.025694,0.007523
-0.025644,0.007523
-0.025594,-0.030091
-0.025544,-0.007523
-0.025494,0.030091
-0.025444,0.037614
-0.025394,0
-0.025344,0
-0.025294,0.045137
-0.025244,0.045137
-0.025194,0.037614
-0.025144,0.045137
-0.025094,0.060182
-0.025044,0.007523
-0.024994,0.045137
-0.024944,0.075228
-0.024894,0.015046
-0.024844,0.007523
-0.024794,0
-0.024744,-0.045137
-0.024694,-0.015046
-0.024644,0.015046
-0.024594,0.05266
-0.024544,0.067705
-0.024494,0.067705
-0.024443,0.007523
-0.024393,0.007523
-0.024343,-0.015046
-0.024293,-0.015046
-0.024243,-0.037614
-0.024193,-0.015046
-0.024143,-0.015046
-0.024093,-0.007523
-0.024043,0.022568
-0.023993,-0.015046
-0.023943,0.05266
-0.023893,0.097796
-0.023843,0.045137
-0.023793,0.037614
-0.023743,0.015046
-0.023693,-0.007523
-0.023643,-0.060182
-0.023593,0.030091
-0.023543,-0.007523
-0.023493,-0.075228
-0.023443,-0.060182
-0.023393,0.045137
-0.023343,0.090274
-0.023293,0.022568
-0.023243,-0.007523
-0.023193,-0.05266
-0.023143,-0.05266
-0.023093,0.015046
-0.023043,0.037614
-0.022993,0.045137
-0.022943,0.05266
-0.022893,0.075228
-0.022843,0.067705
-0.022793,0.007523
-0.022743,0.045137
-0.022693,0.112842
-0.022643,0.112842
-0.022593,0.060182
-0.022543,-0.022568
-0.022493,-0.030091
-0.022443,-0.015046
-0.022393,0
-0.022343,0.120365
-0.022293,0.075228
-0.022243,0.015046
-0.022193,-0.045137
-0.022143,-0.007523
-0.022093,0.037614
-0.022043,0.015046
-0.021993,-0.015046
-0.021943,-0.030091
-0.021893,-0.067705
-0.021843,-0.037614
-0.021793,0.015046
-0.021743,0.037614
-0.021693,-0.007523
-0.021643,-0.045137
-0.021593,0.067705
-0.021543,0.045137
-0.021493,-0.022568
-0.021443,-0.030091
-0.021393,-0.022568
-0.021343,0.060182
-0.021292,0.090274
-0.021242,0.060182
-0.021192,0.067705
-0.021142,0.05266
-0.021092,0.075228
-0.021042,0.075228
-0.020992,0.090274
-0.020942,0.030091
-0.020892,0.037614
-0.020842,0.045137
-0.020792,0.097796
-0.020742,0.082751
-0.020692,-0.007523
-0.020642,0.007523
-0.020592,0.067705
-0.020542,0.05266
-0.020492,0.037614
-0.020442,0.030091
-0.020392,0.060182
-0.020342,0.015046
-0.020292,0.075228
-0.020242,0.075228
-0.020192,0.075228
-0.020142,0.05266
-0.020092,0.030091
-0.020042,0.045137
-0.019992,0.030091
-0.019942,0.097796
-0.019892,0.105319
-0.019842,0.060182
-0.019792,-0.007523
-0.019742,0
-0.019692,0.030091
-0.019642,0.030091
-0.019592,0.015046
-0.019542,0.007523
-0.019492,0.045137
-0.019442,0.105319
-0.019392,0.097796
-0.019342,0.090274
-0.019292,0.142933
-0.019242,0.127888
-0.019192,0.075228
-0.019142,0.105319
-0.019092,0.112842
-0.019042,0.075228
-0.018992,0.030091
-0.018942,0.060182
-0.018892,0.045137
-0.018842,0.015046
-0.018792,0.007523
-0.018742,0.030091
-0.018692,0.060182
-0.018642,0.090274
-0.018592,0.090274
-0.018542,0.112842
-0.018492,0.067705
-0.018442,0.022568
-0.018392,-0.022568
-0.018342,0.037614
-0.018292,0.045137
-0.018242,0.082751
-0.018192,0.045137
-0.018141,0.075228
-0.018091,0.082751
-0.018041,0.075228
-0.017991,0.097796
-0.017941,0.075228
-0.017891,0.082751
-0.017841,0.105319
-0.017791,0.082751
-0.017741,0.060182
-0.017691,0.060182
-0.017641,0
-0.017591,-0.037614
-0.017541,0.030091
-0.017491,0.067705
-0.017441,0.067705
-0.017391,0.045137
-0.017341,0.090274
-0.017291,0.082751
-0.017241,0.090274
-0.017191,0.112842
-0.017141,0.097796
-0.017091,0.060182
-0.017041,0.067705
-0.016991,0.05266
-0.016941,0.05266
-0.016891,0.060182
-0.016841,0.082751
-0.016791,0.097796
-0.016741,0.075228
-0.016691,0.045137
-0.016641,-0.022568
-0.016591,-0.007523
-0.016541,0.067705
-0.016491,0.067705
-0.016441,0.007523
-0.016391,0.030091
-0.016341,0.05266
-0.016291,0.015046
-0.016241,0.075228
-0.016191,0.105319
-0.016141,0.105319
-0.016091,0.082751
-0.016041,0.015046
-0.015991,0.05266
-0.015941,0.037614
-0.015891,-0.015046
-0.015841,0
-0.015791,-0.007523
-0.015741,-0.015046
-0.015691,0.007523
-0.015641,0.067705
-0.015591,0.05266
-0.015541,-0.067705
-0.015491,-0.075228
-0.015441,-0.030091
-0.015391,-0.030091
-0.015341,0.022568
-0.015291,0.030091
-0.015241,0.067705
-0.015191,0.05266
-0.015141,0
-0.015091,0.015046
-0.015041,0.067705
-0.01499,0.030091
-0.01494,0.060182
-0.01489,0.090274
-0.01484,0.045137
-0.01479,0.037614
-0.01474,0
-0.01469,0.060182
-0.01464,0.060182
-0.01459,0.022568
-0.01454,0.007523
-0.01449,0.030091
-0.01444,0.037614
-0.01439,0.015046
-0.01434,0.082751
-0.01429,0.067705
-0.01424,0.090274
-0.01419,0.022568
-0.01414,-0.015046
-0.01409,0.037614
-0.01404,-0.007523
-0.01399,-0.030091
-0.01394,-0.120365
-0.01389,-0.075228
-0.01384,-0.007523
-0.01379,0.075228
-0.01374,0.082751
-0.01369,-0.015046
-0.01364,0.007523
-0.01359,0.037614
-0.01354,0.060182
-0.01349,-0.015046
-0.01344,-0.030091
-0.01339,0.05266
-0.01334,0.045137
-0.01329,0.022568
-0.01324,0.045137
-0.01319,0.05266
-0.01314,0.05266
-0.01309,0.060182
-0.01304,0.030091
-0.01299,-0.05266
-0.01294,0.030091
-0.01289,0.05266
-0.01284,0
-0.01279,0.037614
-0.01274,0.030091
-0.01269,0.060182
-0.01264,0.037614
-0.01259,-0.007523
-0.01254,0.060182
-0.01249,0.075228
-0.01244,0.05266
-0.01239,0.037614
-0.01234,0
-0.01229,-0.022568
-0.01224,0
-0.01219,-0.022568
-0.01214,-0.015046
-0.01209,0.05266
-0.01204,0.045137
-0.01199,0.037614
-0.01194,0.05266
-0.01189,0.075228
-0.011839,0.05266
-0.011789,0.007523
-0.011739,0.037614
-0.011689,0.015046
-0.011639,0.007523
-0.011589,0.037614
-0.011539,0.022568
-0.011489,0.045137
-0.011439,0.05266
-0.011389,0.05266
-0.011339,0.075228
-0.011289,0.067705
-0.011239,0.075228
-0.011189,0.112842
-0.011139,0.037614
-0.011089,0
-0.011039,0.05266
-0.010989,0.112842
-0.010939,0.097796
-0.010889,0.112842
-0.010839,0.045137
-0.010789,-0.037614
-0.010739,0.05266
-0.010689,0.112842
-0.010639,0.067705
-0.010589,0.090274
-0.010539,0.075228
-0.010489,0.007523
-0.010439,0.015046
-0.010389,0.075228
-0.010339,0.127888
-0.010289,0.165502
-0.010228,0.18807
-0.010178,0.180547
-0.010128,0.127888
-0.010078,0.097796
-0.010028,0.075228
-0.009978,0.037614
-0.009928,0
-0.009878,0.05266
-0.009828,0.022568
-0.009778,0.022568
-0.009728,0.05266
-0.009678,0.067705
-0.009628,0.082751
-0.009578,0.067705
-0.009528,0.075228
-0.009478,0.05266
-0.009428,0.082751
-0.009378,0.105319
-0.009328,0.120365
-0.009279,0.127888
-0.009229,0.090274
-0.009179,0.082751
-0.009129,0.127888
-0.009079,0.097796
-0.009029,0.142933
-0.008979,0.127888
-0.008929,0.105319
-0.008879,0.157979
-0.008829,0.173025
-0.008779,0.120365
-0.008729,0.097796
-0.008679,0.082751
-0.008629,0.075228
-0.008579,0.067705
-0.008529,0.05266
-0.008479,0.105319
-0.008429,0.105319
-0.008379,0.105319
-0.008329,0.127888
-0.008279,0.112842
-0.008229,0.105319
-0.008179,0.090274
-0.008129,0.060182
-0.008079,0.105319
-0.008029,0.150456
-0.007979,0.135411
-0.007929,0.120365
-0.007879,0.067705
-0.007829,0.082751
-0.007779,0.075228
-0.007729,0.127888
-0.007679,0.150456
-0.007629,0.112842
-0.007579,0.105319
-0.007529,0.195593
-0.007479,0.421277
-0.007429,0.368617
-0.00738,0.090274
-0.00733,-0.233207
-0.00728,-0.782372
-0.00723,-0.970442
-0.00718,-0.955396
-0.00713,-1.015579
-0.00708,-0.759803
-0.00703,-0.391186
-0.00698,0.210639
-0.00693,0.789895
-0.00688,1.391719
-0.00683,2.076294
-0.00678,2.505094
-0.00673,2.70821
-0.00668,2.813529
-0.00663,2.700687
-0.00658,2.286933
-0.00653,1.95593
-0.00648,1.925838
-0.00643,1.782905
-0.00638,1.42181
-0.00633,1.173558
-0.00628,0.887691
-0.00623,0.61687
-0.00618,0.443846
-0.00613,0.391186
-0.00608,0.361095
-0.00603,0.210639
-0.00598,-0.112842
-0.00593,-0.127888
-0.00588,-0.263298
-0.00583,-0.601824
-0.00578,-0.782372
-0.00573,-0.752281
-0.00568,-0.677053
-0.00563,-0.789895
-0.00558,-0.61687
-0.00553,-0.300912
-0.005481,0.737235
-0.005431,1.970975
-0.005381,2.565277
-0.005331,3.580856
-0.005281,5.168168
-0.005231,6.665206
-0.005181,8.583522
-0.005131,10.26863
-0.005081,11.269163
-0.005031,12.826384
-0.004981,13.638847
-0.004931,14.030033
-0.004881,14.541584
-0.004831,14.7447
-0.004781,14.7447
-0.004731,14.819928
-0.004681,15.188545
-0.004631,15.391661
-0.004581,15.662482
-0.004531,16.113851
-0.004481,16.820994
-0.004431,17.69364
-0.004381,19.220769
-0.004331,21.191745
-0.004281,23.140151
-0.004231,25.035898
-0.004181,26.803758
-0.004131,28.684459
-0.004081,30.497456
-0.004031,32.205133
-0.003981,33.754831
-0.003931,35.063799
-0.003881,36.455518
-0.003831,37.726872
-0.003781,38.253469
-0.003731,38.065399
-0.003681,38.907953
-0.003631,39.494732
-0.003582,40.254535
-0.003532,39.442072
-0.003482,38.561904
-0.003432,37.252935
-0.003382,36.628543
-0.003332,35.748374
-0.003282,35.251869
-0.003232,34.740318
-0.003182,34.334087
-0.003132,33.935378
-0.003082,33.634466
-0.003032,33.363645
-0.002982,33.198143
-0.002932,33.130438
-0.002882,33.295939
-0.002832,33.341076
-0.002782,33.386213
-0.002732,33.882718
-0.002682,34.762887
-0.002632,35.545258
-0.002582,36.38029
-0.002532,37.252935
-0.002482,38.178241
-0.002432,39.231433
-0.002382,40.344809
-0.002332,41.548458
-0.002282,42.676879
-0.002232,43.895573
-0.002182,44.993903
-0.002132,46.039573
-0.002082,46.588738
-0.002032,46.716625
-0.001982,46.754239
-0.001932,46.671489
-0.001882,47.220653
-0.001832,48.033117
-0.001782,49.048695
-0.001732,50.305004
-0.001683,51.802042
-0.001633,53.321649
-0.001583,54.893916
-0.001533,56.383431
-0.001483,57.88047
-0.001433,59.136778
-0.001383,60.122266
-0.001333,60.927206
-0.001283,61.927739
-0.001233,62.928272
-0.001183,63.936328
-0.001133,65.057227
-0.001083,66.321058
-0.001033,67.592412
-0.000983,68.630559
-0.000933,69.706321
-0.000883,70.797128
-0.000833,71.76757
-0.000783,72.888468
-0.000733,73.821296
-0.000683,74.957239
-0.000633,76.190979
-0.000583,77.244172
-0.000533,77.492425
-0.000483,77.830951
-0.000433,78.703597
-0.000383,79.27533
-0.000333,79.215148
-0.000283,79.425786
-0.000233,80.208158
-0.000183,80.275863
-0.000133,80.012565
-8.3E-05,79.967428
-3.3E-05,79.696607
1.7E-05,79.470923
6.7E-05,79.260284
0.000117,78.823962
0.000166,78.259751
0.000216,77.93627
0.000266,77.462334
0.000316,76.695007
0.000366,75.829885
0.000416,75.024945
0.000466,74.18239
0.000516,73.384973
0.000566,72.233984
0.000616,71.022812
0.000666,69.969619
0.000716,68.71331
0.000766,67.404342
0.000816,66.0051
0.000866,64.726223
0.000916,63.372118
0.000966,62.145901
0.001016,60.972343
0.001066,59.640806
0.001116,58.06854
0.001166,56.616638
0.001216,55.081986
0.001266,53.314126
0.001316,52.41139
0.001366,50.997102
0.001416,49.560246
0.001466,47.912752
0.001516,46.235166
0.001566,44.677945
0.001616,43.015405
0.001666,41.315251
0.001716,39.667756
0.001766,38.103013
0.001816,36.56836
0.001866,34.943434
0.001916,33.341076
0.001966,31.686059
0.002016,30.046087
0.002065,28.398593
0.002115,26.931646
0.002165,25.517358
0.002215,24.215913
0.002265,22.952081
0.002315,21.597976
0.002365,20.183689
0.002415,18.92738
0.002465,17.753822
0.002515,16.565219
0.002565,15.406707
0.002615,14.345991
0.002665,13.360504
0.002715,12.217037
0.002765,11.035956
0.002815,9.787171
0.002865,8.749023
0.002915,7.74849
0.002965,6.815662
0.003015,5.815129
0.003065,4.739368
0.003115,3.738835
0.003165,2.663073
0.003215,1.752814
0.003265,0.955396
0.003315,0.210639
0.003365,-0.519074
0.003415,-1.188603
0.003465,-1.865656
0.003515,-2.490049
0.003565,-3.174624
0.003615,-3.783971
0.003665,-4.385796
0.003715,-5.002666
0.003765,-5.544308
0.003815,-6.123564
0.003865,-6.808139
0.003915,-7.379873
0.003964,-7.974174
0.004014,-8.666273
0.004064,-9.350848
0.004114,-10.155788
0.004164,-10.953206
0.004214,-11.705486
0.004264,-12.352448
0.004314,-13.074637
0.004364,-13.804349
0.004414,-14.50397
0.004464,-15.346524
0.004514,-16.143942
0.004564,-17.02411
0.004614,-17.971984
0.004664,-18.807015
0.004714,-19.807548
0.004764,-20.860741
0.004814,-21.755955
0.004864,-22.756488
0.004914,-23.802158
0.004964,-24.765077
0.005014,-25.743042
0.005064,-26.721007
0.005114,-27.736586
0.005164,-28.87253
0.005214,-29.985905
0.005264,-31.121849
0.005314,-32.227701
0.005364,-33.288417
0.005414,-34.431883
0.005464,-35.567827
0.005514,-36.80909
0.005564,-38.027784
0.005614,-39.133637
0.005664,-40.344809
0.005714,-41.578549
0.005764,-42.646787
0.005814,-43.715026
0.005863,-44.888584
0.005913,-45.956822
0.005963,-46.964878
0.006013,-48.093299
0.006063,-49.116401
0.006113,-50.004092
0.006163,-50.854169
0.006213,-51.719291
0.006263,-52.471572
0.006313,-53.058351
0.006363,-53.607516
0.006413,-53.976133
0.006463,-54.337228
0.006513,-54.540344
0.006563,-54.645663
0.006613,-54.623095
0.006663,-54.615572
0.006713,-54.540344
0.006763,-54.322182
0.006813,-53.991179
0.006863,-53.59247
0.006913,-53.193761
0.006963,-52.817621
0.007013,-52.238365
0.007063,-51.613972
0.007113,-51.027193
0.007163,-50.4028
0.007213,-49.718225
0.007263,-49.108878
0.007313,-48.431825
0.007363,-47.687067
0.007413,-46.957355
0.007463,-46.182506
0.007513,-45.324906
0.007563,-44.50492
0.007613,-43.767685
0.007663,-43.113201
0.007713,-42.270647
0.007762,-41.307728
0.007812,-40.32224
0.007862,-39.246479
0.007912,-38.185763
0.007962,-37.042297
0.008012,-35.921399
0.008062,-34.943434
0.008112,-33.988038
0.008162,-32.934845
0.008212,-31.889175
0.008262,-30.72314
0.008312,-29.4894
0.008362,-28.376024
0.008412,-27.247603
0.008462,-26.141751
0.008512,-25.081035
0.008562,-24.012797
0.008612,-22.876853
0.008662,-21.582931
0.008712,-20.273962
0.008762,-19.138019
0.008812,-17.889233
0.008862,-16.505036
0.008912,-15.113317
0.008962,-13.661416
0.009012,-11.961262
0.009062,-10.13322
0.009112,-8.395452
0.009162,-6.800617
0.009212,-5.401375
0.009262,-4.160112
0.009312,-2.858666
0.009362,-1.444379
0.009412,-0.24073
0.009462,0.955396
0.009512,2.083817
0.009562,3.009122
0.009611,3.896814
0.009661,4.724322
0.009711,5.393852
0.009761,5.943017
0.009811,6.356771
0.009861,6.725389
0.009911,7.13162
0.009961,7.552897
0.010011,7.929038
0.010061,8.154722
0.010111,8.260041
0.010161,8.282609
0.010211,8.244995
0.010261,8.169767
0.010311,8.117108
0.010361,8.071971
0.010411,7.996743
0.010461,7.906469
0.010511,7.80115
0.010561,7.643171
0.010611,7.455101
0.010661,7.342259
0.010711,7.259508
0.010761,7.139143
0.010811,7.026301
0.010861,6.860799
0.010911,6.785571
0.010961,6.740434
0.011011,6.732911
0.011061,6.612547
0.011111,6.559887
0.011161,6.537318
0.011211,6.46209
0.011261,6.552364
0.011311,6.612547
0.011361,6.710343
0.011411,6.838231
0.011461,6.913459
0.01151,6.966118
0.01156,7.003732
0.01161,7.018778
0.01166,7.056392
0.01171,7.033824
0.01176,7.056392
0.01181,7.161711
0.01186,7.199325
0.01191,7.289599
0.01196,7.349781
0.01201,7.297122
0.01206,7.169234
0.01211,7.041346
0.01216,6.936027
0.01221,6.785571
0.01226,6.680252
0.01231,6.559887
0.01236,6.454568
0.01241,6.341725
0.01246,6.168701
0.01251,5.95054
0.01256,5.792561
0.01261,5.574399
0.01266,5.333669
0.01271,5.100462
0.01276,4.844687
0.01281,4.626526
0.01286,4.257908
0.01291,3.919382
0.01296,3.535719
0.01301,3.18967
0.01306,2.806007
0.01311,2.407298
0.01316,1.95593
0.01321,1.497038
0.01326,1.128421
0.01331,0.789895
0.01336,0.436323
0.013409,0
0.013459,-0.391186
0.013509,-0.827509
0.013559,-1.339059
0.013609,-1.752814
0.013659,-2.256842
0.013709,-2.798484
0.013759,-3.227284
0.013809,-3.671129
0.013859,-4.160112
0.013909,-4.551298
0.013959,-4.972575
0.014009,-5.356238
0.014059,-5.785038
0.014109,-6.221361
0.014159,-6.687775
0.014209,-7.18428
0.014259,-7.643171
0.014309,-8.026834
0.014359,-8.290132
0.014409,-8.643704
0.014459,-9.117641
0.014509,-9.569009
0.014559,-9.937627
0.014609,-10.298721
0.014659,-10.516883
0.014709,-10.893023
0.014759,-11.41962
0.014809,-11.840897
0.014859,-12.03649
0.014909,-12.352448
0.014959,-12.766202
0.015009,-13.21757
0.015059,-13.744167
0.015109,-14.157921
0.015159,-14.549107
0.015209,-15.038089
0.015259,-15.429275
0.015308,-15.873121
0.015358,-16.294398
0.015408,-16.738243
0.015458,-17.039156
0.015508,-17.287408
0.015558,-17.580798
0.015608,-17.821527
0.015658,-18.002075
0.015708,-18.242805
0.015758,-18.543717
0.015808,-18.837106
0.015858,-19.107927
0.015908,-19.311043
0.015958,-19.371226
0.016008,-19.566818
0.016058,-19.792503
0.016108,-20.063324
0.016158,-20.258917
0.016208,-20.45451
0.016258,-20.657625
0.016308,-20.762945
0.016358,-20.845696
0.016408,-20.973583
0.016458,-21.011197
0.016508,-21.169176
0.016558,-21.319632
0.016608,-21.432474
0.016658,-21.462566
0.016708,-21.522748
0.016758,-21.560362
0.016808,-21.605499
0.016858,-21.68825
0.016908,-21.838706
0.016958,-21.974116
0.017008,-21.838706
0.017058,-21.771001
0.017108,-21.771001
0.017158,-21.801092
0.017207,-21.87632
0.017257,-21.853752
0.017307,-21.853752
0.017357,-21.793569
0.017407,-21.695773
0.017457,-21.560362
0.017507,-21.507702
0.017557,-21.462566
0.017607,-21.349724
0.017657,-21.251927
0.017707,-21.146608
0.017757,-21.093948
0.017807,-20.96606
0.017857,-20.838173
0.017907,-20.732853
0.017957,-20.582397
0.018007,-20.371759
0.018057,-20.243871
0.018107,-20.16112
0.018157,-19.950482
0.018207,-19.792503
0.018257,-19.694706
0.018307,-19.611955
0.018357,-19.499113
0.018407,-19.333611
0.018457,-19.107927
0.018507,-18.867198
0.018557,-18.664082
0.018607,-18.543717
0.018657,-18.385738
0.018707,-18.145008
0.018757,-18.039689
0.018807,-17.874187
0.018857,-17.663549
0.018907,-17.445387
0.018957,-17.287408
0.019007,-17.084292
0.019056,-16.866131
0.019106,-16.565219
0.019156,-16.316966
0.019206,-16.158987
0.019256,-16.023577
0.019306,-15.873121
0.019356,-15.707619
0.019406,-15.489458
0.019456,-15.316433
0.019506,-15.181023
0.019556,-15.015521
0.019606,-14.804882
0.019656,-14.616812
0.019706,-14.473879
0.019756,-14.353514
0.019806,-14.172967
0.019856,-13.924714
0.019906,-13.766735
0.019956,-13.616279
0.020006,-13.443254
0.020056,-13.292798
0.020106,-13.134819
0.020156,-12.969318
0.020206,-12.811339
0.020256,-12.623269
0.020306,-12.457767
0.020356,-12.299788
0.020406,-12.179423
0.020456,-11.976307
0.020506,-11.758146
0.020556,-11.562553
0.020606,-11.442188
0.020656,-11.351914
0.020706,-11.111185
0.020756,-10.983297
0.020806,-10.870455
0.020856,-10.780181
0.020906,-10.644771
0.020955,-10.479269
0.021005,-10.261107
0.021055,-10.155788
0.021105,-10.012855
0.021155,-9.862399
0.021205,-9.644237
0.021255,-9.46369
0.021305,-9.343325
0.021355,-9.200392
0.021405,-9.072504
0.021455,-8.937094
0.021505,-8.756546
0.021555,-8.636181
0.021605,-8.508294
0.021655,-8.395452
0.021705,-8.327746
0.021755,-8.252518
0.021805,-8.109585
0.021855,-7.974174
0.021905,-7.823718
0.021955,-7.710876
0.022005,-7.537852
0.022055,-7.440055
0.022105,-7.37235
0.022155,-7.387396
0.022205,-7.259508
0.022255,-7.071438
0.022305,-6.966118
0.022355,-6.853276
0.022405,-6.650161
0.022455,-6.46209
0.022505,-6.32668
0.022555,-6.123564
0.022605,-5.875312
0.022655,-5.747424
0.022705,-5.642105
0.022755,-5.514217
0.022805,-5.318624
0.022854,-5.175691
0.022904,-5.055326
0.022954,-4.950006
0.023004,-4.822119
0.023054,-4.701754
0.023104,-4.641571
0.023154,-4.513684
0.023204,-4.453501
0.023254,-4.393319
0.023304,-4.340659
0.023354,-4.333136
0.023404,-4.220294
0.023454,-4.205249
0.023504,-4.257908
0.023554,-4.242863
0.023604,-4.23534
0.023654,-4.212771
0.023704,-4.303045
0.023754,-4.257908
0.023804,-4.250385
0.023854,-4.212771
0.023904,-4.257908
0.023954,-4.385796
0.024004,-4.348182
0.024054,-4.318091
0.024104,-4.363227
0.024154,-4.355705
0.024204,-4.400842
0.024254,-4.468547
0.024304,-4.491115
0.024354,-4.521206
0.024404,-4.506161
0.024454,-4.521206
0.024504,-4.513684
0.024554,-4.581389
0.024604,-4.55882
0.024654,-4.596434
0.024704,-4.634049
0.024753,-4.679185
0.024803,-4.603957
0.024853,-4.581389
0.024903,-4.603957
0.024953,-4.596434
0.025003,-4.581389
0.025053,-4.588912
0.025103,-4.581389
0.025153,-4.543775
0.025203,-4.513684
0.025253,-4.468547
0.025303,-4.400842
0.025353,-4.430933
0.025403,-4.415887
0.025453,-4.348182
0.025503,-4.23534
0.025553,-4.175157
0.025603,-4.220294
0.025653,-4.175157
0.025703,-4.062315
0.025753,-4.002133
0.025803,-4.024701
0.025853,-3.851677
0.025903,-3.701221
0.025953,-3.625993
0.026003,-3.588378
0.026053,-3.528196
0.026103,-3.475536
0.026153,-3.422877
0.026203,-3.385263
0.026253,-3.332603
0.026303,-3.227284
0.026353,-3.13701
0.026403,-3.08435
0.026453,-2.986554
0.026503,-2.858666
0.026553,-2.730779
0.026603,-2.655551
0.026652,-2.655551
0.026702,-2.632982
0.026752,-2.557754
0.026802,-2.444912
0.026852,-2.414821
0.026902,-2.347115
0.026952,-2.369684
0.027002,-2.309501
0.027052,-2.174091
0.027102,-2.181614
0.027152,-2.136477
0.027202,-2.166568
0.027252,-2.166568
0.027302,-2.053726
0.027352,-1.978498
0.027402,-1.873179
0.027452,-1.828042
0.027502,-1.700154
0.027552,-1.639972
0.027614,-1.564744
0.027664,-1.451902
0.027714,-1.42181
0.027764,-1.339059
0.027814,-1.263831
0.027864,-1.218695
0.027914,-1.158512
0.027964,-1.030624
0.028014,-0.827509
0.028064,-0.707144
0.028114,-0.662007
0.028164,-0.511551
0.028214,-0.37614
0.028264,-0.210639
0.028314,-0.112842
0.028364,-0.030091
0.028414,0.075228
0.028464,0.203116
0.028514,0.293389
0.028564,0.361095
0.028614,0.458891
0.028664,0.579256
0.028714,0.654484
0.028764,0.752281
0.028814,0.872645
0.028864,1.015579
0.028914,0.99301
0.028964,1.008056
0.029014,1.053193
0.029064,1.120898
0.029114,1.150989
0.029164,1.203649
0.029214,1.256309
0.029264,1.271354
0.029314,1.293923
0.029365,1.271354
0.029415,1.188603
0.029465,1.173558
0.029515,1.158512
0.029565,1.181081
0.029615,1.075761
0.029665,0.917782
0.029715,0.812463
0.029765,0.759803
0.029815,0.797417
0.029865,0.80494
0.029915,0.707144
0.029965,0.601824
0.030015,0.526596
0.030065,0.556688
0.030115,0.586779
0.030165,0.571733
0.030215,0.421277
0.030265,0.338526
0.030315,0.323481
0.030365,0.331003
0.030415,0.308435
0.030465,0.323481
0.030515,0.338526
0.030565,0.331003
0.030615,0.331003
0.030665,0.398709
0.030715,0.466414
0.030765,0.511551
0.030815,0.541642
0.030865,0.571733
0.030915,0.609347
0.030965,0.722189
0.031015,0.797417
0.031065,0.895214
0.031115,0.947874
0.031165,0.985488
0.031215,1.008056
0.031265,1.04567
0.031315,1.113375
0.031365,1.143467
0.031415,1.23374
0.031465,1.316491
0.031515,1.301445
0.031565,1.414288
0.031615,1.52713
0.031665,1.624926
0.031715,1.624926
0.031765,1.655017
0.031815,1.677586
0.031865,1.7152
0.031915,1.760337
0.031965,1.820519
0.032015,1.858133
0.032065,1.918316
0.032115,1.873179
0.032165,1.880702
0.032215,1.880702
0.032265,1.895747
0.032315,1.873179
0.032365,1.895747
0.032415,1.865656
0.032465,1.90327
0.032515,1.895747
0.032565,1.948407
0.032615,1.940884
0.032665,1.90327
0.032715,1.910793
0.032765,1.797951
0.032816,1.85061
0.032866,1.843087
0.032916,1.843087
0.032966,1.858133
0.033016,1.85061
0.033066,1.775382
0.033116,1.782905
0.033166,1.910793
0.033216,1.918316
0.033266,1.948407
0.033316,1.95593
0.033366,1.970975
0.033416,1.978498
0.033466,1.986021
0.033516,2.03868
0.033566,2.098863
0.033616,2.076294
0.033666,2.128954
0.033716,2.204182
0.033766,2.226751
0.033816,2.189137
0.033866,2.204182
0.033916,2.226751
0.033966,2.286933
0.034016,2.294456
0.034066,2.339593
0.034116,2.347115
0.034166,2.444912
0.034216,2.497572
0.034266,2.512617
0.034316,2.580322
0.034366,2.595368
0.034416,2.5728
0.034466,2.527663
0.034516,2.459958
0.034566,2.444912
0.034616,2.459958
0.034666,2.497572
0.034716,2.482526
0.034766,2.399775
0.034816,2.38473
0.034866,2.38473
0.034916,2.362161
0.034966,2.256842
0.035016,2.136477
0.035066,2.046203
0.035116,2.008589
0.035166,2.083817
0.035216,2.083817
0.035266,2.031158
0.035316,2.001066
0.035366,1.986021
0.035416,1.970975
0.035466,1.986021
0.035516,1.986021
0.035566,1.993544
0.035616,2.023635
0.035666,2.031158
0.035716,1.993544
0.035766,2.031158
0.035816,2.031158
0.035866,2.016112
0.035916,1.986021
0.035966,1.986021
0.036016,1.978498
0.036066,1.948407
0.036116,1.95593
0.036166,2.001066
0.036217,1.940884
0.036267,1.895747
0.036317,1.910793
0.036367,1.865656
0.036417,1.873179
0.036467,1.895747
0.036517,1.888224
0.036567,1.835565
0.036617,1.828042
0.036667,1.888224
0.036717,1.873179
0.036767,1.805473
0.036817,1.752814
0.036867,1.767859
0.036917,1.7152
0.036967,1.700154
0.037017,1.632449
0.037067,1.722723
0.037117,1.677586
0.037167,1.639972
0.037217,1.624926
0.037267,1.624926
0.037317,1.647495
0.037367,1.700154
0.037417,1.66254
0.037467,1.572266
0.037517,1.489516
0.037567,1.497038
0.037617,1.542175
0.037667,1.489516
0.037717,1.504561
0.037767,1.497038
0.037817,1.481993
0.037867,1.497038
0.037917,1.564744
0.037967,1.512084
0.038017,1.534652
0.038067,1.534652
0.038117,1.497038
0.038167,1.481993
0.038217,1.519607
0.038267,1.542175
0.038317,1.602358
0.038367,1.670063
0.038417,1.685109
0.038467,1.7152
0.038517,1.737768
0.038567,1.745291
0.038617,1.7152
0.038667,1.617403
0.038717,1.564744
0.038767,1.564744
0.038817,1.632449
0.038867,1.647495
0.038917,1.602358
0.038967,1.670063
0.039017,1.677586
0.039067,1.632449
0.039117,1.66254
0.039167,1.722723
0.039217,1.752814
0.039267,1.730245
0.039317,1.692631
0.039367,1.677586
0.039417,1.692631
0.039467,1.737768
0.039517,1.745291
0.039567,1.730245
0.039617,1.730245
0.039668,1.820519
0.039718,1.820519
0.039768,1.805473
0.039818,1.843087
0.039868,1.812996
0.039918,1.775382
0.039968,1.782905
0.040018,1.812996
0.040068,1.828042
0.040118,1.858133
0.040168,1.888224
0.040218,1.805473
0.040268,1.790428
0.040318,1.805473
0.040368,1.828042
0.040418,1.820519
0.040468,1.797951
0.040518,1.767859
0.040568,1.745291
0.040618,1.677586
0.040668,1.677586
0.040718,1.707677
0.040768,1.670063
0.040818,1.594835
0.040868,1.587312
0.040918,1.557221
0.040968,1.602358
0.041018,1.647495
0.041068,1.617403
0.041118,1.572266
0.041168,1.512084
0.041218,1.497038
0.041268,1.497038
0.041318,1.497038
0.041368,1.504561
0.041418,1.534652
0.041468,1.504561
0.041518,1.459424
0.041568,1.519607
0.041618,1.564744
0.041668,1.444379
0.041718,1.376674
0.041768,1.376674
0.041818,1.481993
0.041868,1.497038
0.041918,1.459424
0.041968,1.466947
0.042018,1.451902
0.042068,1.429333
0.042118,1.346582
0.042168,1.414288
0.042218,1.481993
0.042268,1.436856
0.042318,1.331537
0.042368,1.316491
0.042418,1.293923
0.042468,1.308968
0.042518,1.324014
0.042568,1.339059
0.042618,1.263831
0.042668,1.196126
0.042718,1.166035
0.042768,1.196126
0.042818,1.143467
0.042868,1.128421
0.042918,1.113375
0.042968,1.083284
0.043018,1.015579
0.043068,1.015579
0.043119,1.04567
0.043169,1.068238
0.043219,1.008056
0.043269,1.04567
0.043319,1.068238
0.043369,1.068238
0.043419,1.015579
0.043469,0.99301
0.043519,0.925305
0.043569,0.932828
0.043619,0.947874
0.043669,0.880168
0.043719,0.880168
0.043769,0.872645
0.043819,0.902737
0.043869,0.850077
0.043919,0.819986
0.043969,0.812463
0.044019,0.827509
0.044069,0.782372
0.044119,0.737235
0.044169,0.684575
0.044219,0.714667
0.044269,0.699621
0.044319,0.624393
0.044369,0.631916
0.044419,0.609347
0.044469,0.549165
0.044519,0.579256
0.044569,0.586779
0.044619,0.624393
0.044669,0.56421
0.044719,0.458891
0.044769,0.398709
0.044819,0.398709
0.044869,0.413754
0.044919,0.421277
0.044969,0.4288
0.045019,0.443846
0.045069,0.451368
0.045119,0.443846
0.045169,0.361095
0.045219,0.346049
0.045269,0.4288
0.045319,0.413754
0.045369,0.323481
0.045419,0.300912
0.045469,0.338526
0.045519,0.315958
0.045569,0.278344
0.045619,0.278344
0.045669,0.300912
0.045719,0.248253
0.045769,0.255775
0.045819,0.278344
0.045869,0.293389
0.045919,0.270821
0.045969,0.308435
0.046019,0.338526
0.046069,0.346049
0.046119,0.315958
0.046169,0.285867
0.046219,0.225684
0.046269,0.248253
0.046319,0.293389
0.046369,0.323481
0.046419,0.383663
0.046469,0.353572
0.046519,0.323481
0.04657,0.293389
0.04662,0.248253
0.04667,0.255775
0.04672,0.293389
0.04677,0.270821
0.04682,0.270821
0.04687,0.263298
0.04692,0.248253
0.04697,0.233207
0.04702,0.210639
0.04707,0.203116
0.04712,0.180547
0.04717,0.210639
0.04722,0.225684
0.04727,0.225684
0.04732,0.233207
0.04737,0.285867
0.04742,0.255775
0.04747,0.233207
0.04752,0.210639
0.04757,0.203116
0.04762,0.24073
0.04767,0.233207
0.04772,0.180547
0.04777,0.165502
0.04782,0.218161
0.04787,0.285867
0.04792,0.300912
0.04797,0.331003
0.04802,0.285867
0.04807,0.24073
0.04812,0.285867
0.04817,0.263298
0.04822,0.120365
0.04827,0.05266
0.04832,0.157979
0.04837,0.218161
0.04842,0.195593
0.04847,0.112842
0.04852,0.090274
0.04857,0.097796
0.04862,0.075228
0.04867,0.075228
0.04872,0.097796
0.04877,0.090274
0.04882,0.157979
0.04887,0.195593
0.04892,0.203116
0.04897,0.203116
0.04902,0.195593
0.04907,0.157979
0.04912,0.120365
0.04917,0.112842
0.04922,0.090274
0.04927,0.030091
0.04932,-0.045137
0.04937,-0.045137
0.04942,0.045137
0.04947,0.060182
0.04952,0.067705
0.04957,0.037614
0.04962,0.007523
0.04967,0.015046
0.04972,0.030091
0.04977,0.067705
0.04982,0.045137
0.04987,-0.030091
0.04992,-0.060182
0.049971,-0.05266
0.050021,-0.05266
0.050071,-0.045137
0.050121,-0.105319
0.050171,-0.173025
0.050221,-0.105319
0.050271,-0.060182
0.050321,-0.05266
0.050371,-0.060182
0.050421,-0.097796
0.050471,-0.157979
0.050521,-0.180547
0.050571,-0.075228
0.050621,-0.060182
0.050671,-0.120365
0.050721,-0.157979
0.050771,-0.18807
0.050821,-0.165502
0.050871,-0.173025
0.050921,-0.135411
0.050971,-0.195593
0.051021,-0.210639
0.051071,-0.255775
0.051121,-0.285867
0.051171,-0.203116
0.051221,-0.248253
0.051271,-0.225684
0.051321,-0.308435
0.051371,-0.368617
0.051421,-0.368617
0.051471,-0.346049
0.051521,-0.300912
0.051571,-0.323481
0.051621,-0.473937
0.051671,-0.473937
0.051721,-0.436323
0.051771,-0.398709
0.051821,-0.383663
0.051871,-0.300912
0.051921,-0.285867
0.051971,-0.315958
0.052021,-0.37614
0.052071,-0.436323
0.052121,-0.473937
0.052171,-0.496505
0.052221,-0.48146
0.052271,-0.48146
0.052321,-0.48146
0.052371,-0.451368
0.052421,-0.48146
0.052471,-0.488982
0.052521,-0.549165
0.052571,-0.594302
0.052621,-0.56421
0.052671,-0.534119
0.052721,-0.473937
0.052771,-0.421277
0.052821,-0.383663
0.052871,-0.48146
0.052921,-0.541642
0.052971,-0.549165
0.053021,-0.549165
0.053071,-0.541642
0.053121,-0.519074
0.053171,-0.504028
0.053221,-0.549165
0.053271,-0.549165
0.053321,-0.549165
0.053371,-0.549165
0.053422,-0.609347
0.053472,-0.56421
0.053522,-0.586779
0.053572,-0.662007
0.053622,-0.66953
0.053672,-0.609347
0.053722,-0.646961
0.053772,-0.677053
0.053822,-0.722189
0.053872,-0.684575
0.053922,-0.699621
0.053972,-0.759803
0.054022,-0.752281
0.054072,-0.767326
0.054122,-0.827509
0.054172,-0.842554
0.054222,-0.827509
0.054272,-0.789895
0.054322,-0.707144
0.054372,-0.677053
0.054422,-0.752281
0.054472,-0.782372
0.054522,-0.789895
0.054572,-0.812463
0.054622,-0.850077
0.054672,-0.759803
0.054722,-0.774849
0.054772,-0.819986
0.054822,-0.842554
0.054872,-0.8576
0.054922,-0.819986
0.054972,-0.850077
0.055022,-0.91026
0.055072,-0.925305
0.055122,-0.827509
0.055172,-0.789895
0.055222,-0.842554
0.055272,-0.8576
0.055322,-0.850077
0.055372,-0.895214
0.055422,-0.955396
0.055472,-0.970442
0.055522,-0.970442
0.055572,-0.985488
0.055622,-1.000533
0.055672,-1.030624
0.055722,-1.023102
0.055772,-1.015579
0.055822,-1.030624
0.055872,-1.090807
0.055922,-1.023102
0.055972,-0.985488
0.056022,-1.09833
0.056072,-1.120898
0.056122,-0.977965
0.056172,-1.038147
0.056222,-1.090807
0.056272,-1.150989
0.056322,-1.150989
0.056372,-1.150989
0.056422,-1.150989
0.056472,-1.09833
0.056522,-1.113375
0.056572,-1.158512
0.056622,-1.158512
0.056672,-1.226217
0.056722,-1.256309
0.056772,-1.278877
0.056822,-1.226217
0.056873,-1.226217
0.056923,-1.308968
0.056973,-1.293923
0.057023,-1.256309
0.057073,-1.271354
0.057123,-1.346582
0.057173,-1.331537
0.057223,-1.361628
0.057273,-1.399242
0.057323,-1.399242
0.057373,-1.301445
0.057423,-1.271354
0.057473,-1.278877
0.057523,-1.256309
0.057573,-1.2864
0.057623,-1.263831
0.057673,-1.271354
0.057723,-1.278877
0.057773,-1.384196
0.057823,-1.436856
0.057873,-1.444379
0.057923,-1.391719
0.057973,-1.399242
0.058023,-1.451902
0.058073,-1.459424
0.058123,-1.42181
0.058173,-1.436856
0.058223,-1.429333
0.058273,-1.444379
0.058323,-1.399242
0.058373,-1.429333
0.058423,-1.436856
0.058473,-1.414288
0.058523,-1.459424
0.058573,-1.466947
0.058623,-1.52713
0.058673,-1.534652
0.058723,-1.436856
0.058773,-1.399242
0.058823,-1.436856
0.058873,-1.459424
0.058923,-1.451902
0.058973,-1.384196
0.059023,-1.361628
0.059073,-1.414288
0.059123,-1.459424
0.059173,-1.459424
0.059223,-1.519607
0.059273,-1.512084
0.059323,-1.444379
0.059373,-1.399242
0.059423,-1.42181
0.059473,-1.451902
0.059523,-1.557221
0.059573,-1.579789
0.059623,-1.512084
0.059673,-1.564744
0.059723,-1.549698
0.059773,-1.564744
0.059823,-1.557221
0.059873,-1.572266
0.059923,-1.557221
0.059973,-1.512084
0.060023,-1.466947
0.060073,-1.519607
0.060123,-1.519607
0.060173,-1.512084
0.060223,-1.519607
0.060274,-1.557221
0.060324,-1.489516
0.060374,-1.451902
0.060424,-1.444379
0.060474,-1.451902
0.060524,-1.489516
0.060574,-1.444379
0.060624,-1.414288
0.060674,-1.391719
0.060724,-1.42181
0.060774,-1.414288
0.060824,-1.339059
0.060874,-1.376674
0.060924,-1.391719
0.060974,-1.331537
0.061024,-1.369151
0.061074,-1.308968
0.061124,-1.324014
0.061174,-1.361628
0.061224,-1.384196
0.061274,-1.331537
0.061324,-1.376674
0.061374,-1.391719
0.061424,-1.42181
0.061474,-1.399242
0.061524,-1.399242
0.061574,-1.384196
0.061624,-1.361628
0.061674,-1.331537
0.061724,-1.406765
0.061774,-1.497038
0.061824,-1.399242
0.061874,-1.414288
0.061924,-1.414288
0.061974,-1.466947
0.062024,-1.436856
0.062074,-1.481993
0.062124,-1.42181
0.062174,-1.384196
0.062224,-1.339059
0.062274,-1.384196
0.062324,-1.406765
0.062374,-1.391719
0.062424,-1.331537
0.062474,-1.2864
0.062524,-1.256309
0.062574,-1.2864
0.062624,-1.308968
0.062674,-1.324014
0.062724,-1.339059
0.062774,-1.339059
0.062824,-1.361628
0.062874,-1.346582
0.062924,-1.339059
0.062974,-1.346582
0.063024,-1.301445
0.063074,-1.271354
0.063124,-1.211172
0.063174,-1.181081
0.063224,-1.203649
0.063274,-1.256309
0.063324,-1.226217
0.063374,-1.158512
0.063424,-1.158512
0.063474,-1.218695
0.063524,-1.203649
0.063574,-1.263831
0.063624,-1.248786
0.063674,-1.181081
0.063725,-1.150989
0.063775,-1.143467
0.063825,-1.150989
0.063875,-1.083284
0.063925,-1.075761
0.063975,-1.068238
0.064025,-1.068238
0.064075,-1.060716
0.064125,-1.060716
0.064175,-1.015579
0.064225,-0.947874
0.064275,-0.887691
0.064325,-0.917782
0.064375,-0.970442
0.064425,-0.970442
0.064475,-0.925305
0.064525,-0.955396
0.064575,-0.955396
0.064625,-0.872645
0.064675,-0.812463
0.064725,-0.797417
0.064775,-0.797417
0.064825,-0.835031
0.064875,-0.865123
0.064925,-0.895214
0.064975,-0.842554
0.065025,-0.812463
0.065075,-0.797417
0.065125,-0.737235
0.065175,-0.744758
0.065225,-0.812463
0.065275,-0.789895
0.065325,-0.714667
0.065375,-0.677053
0.065425,-0.692098
0.065486,-0.774849
0.065536,-0.789895
0.065586,-0.782372
0.065636,-0.737235
0.065686,-0.692098
0.065736,-0.639439
0.065786,-0.586779
0.065836,-0.662007
0.065886,-0.677053
0.065936,-0.66953
0.065986,-0.624393
0.066036,-0.654484
0.066086,-0.737235
0.066136,-0.767326
0.066186,-0.789895
0.066236,-0.752281
0.066286,-0.684575
0.066336,-0.707144
0.066386,-0.752281
0.066436,-0.692098
0.066485,-0.646961
0.066535,-0.594302
0.066585,-0.609347
0.066635,-0.624393
0.066685,-0.61687
0.066735,-0.662007
0.066785,-0.66953
0.066835,-0.684575
0.066885,-0.729712
0.066935,-0.699621
0.066985,-0.66953
0.067035,-0.609347
0.067085,-0.601824
0.067135,-0.624393
0.067185,-0.594302
0.067235,-0.56421
0.067285,-0.609347
0.067335,-0.586779
0.067385,-0.526596
0.067435,-0.541642
0.067485,-0.549165
0.067535,-0.571733
0.067585,-0.56421
0.067635,-0.56421
0.067685,-0.534119
0.067735,-0.504028
0.067785,-0.451368
0.067835,-0.451368
0.067885,-0.48146
0.067935,-0.504028
0.067985,-0.556688
0.068035,-0.556688
0.068085,-0.556688
0.068135,-0.541642
0.068185,-0.534119
0.068235,-0.534119
0.068285,-0.541642
0.068335,-0.579256
0.068385,-0.556688
0.068435,-0.624393
0.068484,-0.601824
0.068534,-0.601824
0.068584,-0.586779
0.068634,-0.579256
0.068684,-0.609347
0.068734,-0.534119
0.068784,-0.488982
0.068834,-0.466414
0.068884,-0.541642
0.068934,-0.534119
0.068984,-0.473937
0.069034,-0.541642
0.069084,-0.61687
0.069134,-0.601824
0.069184,-0.56421
0.069234,-0.56421
0.069284,-0.541642
0.069334,-0.556688
0.069384,-0.61687
0.069434,-0.61687
0.069484,-0.586779
0.069534,-0.61687
0.069584,-0.646961
0.069634,-0.601824
0.069684,-0.594302
0.069734,-0.66953
0.069784,-0.609347
0.069834,-0.571733
0.069884,-0.534119
0.069934,-0.556688
0.069984,-0.594302
0.070034,-0.609347
0.070084,-0.541642
0.070134,-0.556688
0.070184,-0.549165
0.070234,-0.639439
0.070284,-0.586779
0.070334,-0.609347
0.070384,-0.639439
0.070434,-0.609347
0.070483,-0.631916
0.070533,-0.571733
0.070583,-0.601824
0.070633,-0.534119
0.070683,-0.571733
0.070733,-0.56421
0.070783,-0.571733
0.070833,-0.594302
0.070883,-0.654484
0.070933,-0.61687
0.070983,-0.556688
0.071033,-0.541642
0.071083,-0.646961
0.071133,-0.601824
0.071183,-0.56421
0.071233,-0.526596
0.071283,-0.571733
0.071333,-0.586779
0.071383,-0.594302
0.071433,-0.556688
0.071483,-0.541642
0.071533,-0.48146
0.071583,-0.519074
0.071633,-0.458891
0.071683,-0.406232
0.071733,-0.421277
0.071783,-0.436323
0.071833,-0.436323
0.071883,-0.4288
0.071933,-0.391186
0.071983,-0.37614
0.072033,-0.37614
0.072083,-0.466414
0.072133,-0.413754
0.072183,-0.353572
0.072233,-0.331003
0.072283,-0.300912
0.072333,-0.338526
0.072383,-0.331003
0.072433,-0.361095
0.072482,-0.37614
0.072532,-0.361095
0.072582,-0.383663
0.072632,-0.346049
0.072682,-0.315958
0.072732,-0.24073
0.072782,-0.24073
0.072832,-0.263298
0.072882,-0.270821
0.072932,-0.278344
0.072982,-0.24073
0.073032,-0.270821
0.073082,-0.225684
0.073132,-0.203116
0.073182,-0.233207
0.073232,-0.18807
0.073282,-0.165502
0.073332,-0.195593
0.073382,-0.263298
0.073432,-0.285867
0.073482,-0.315958
0.073532,-0.323481
0.073582,-0.300912
0.073632,-0.24073
0.073682,-0.210639
0.073732,-0.225684
0.073782,-0.24073
0.073832,-0.233207
0.073882,-0.248253
0.073932,-0.195593
0.073982,-0.173025
0.074032,-0.180547
0.074082,-0.150456
0.074132,-0.120365
0.074182,-0.030091
0.074232,-0.007523
0.074282,-0.015046
0.074332,-0.037614
0.074382,-0.05266
0.074432,0.045137
0.074481,0.082751
0.074531,0.075228
0.074581,0.112842
0.074631,0.233207
0.074681,0.255775
0.074731,0.195593
0.074781,0.248253
0.074831,0.24073
0.074881,0.263298
0.074931,0.263298
0.074981,0.278344
0.075031,0.331003
0.075081,0.368617
0.075131,0.361095
0.075181,0.293389
0.075231,0.233207
0.075281,0.218161
0.075331,0.180547
0.075381,0.165502
0.075431,0.090274
0.075481,0.097796
0.075531,0.05266
0.075581,-0.045137
0.075631,-0.075228
0.075681,0.015046
0.075731,0.060182
0.075781,-0.007523
0.075831,-0.075228
0.075881,-0.097796
0.075931,-0.082751
0.075981,-0.120365
0.076031,-0.127888
0.076081,-0.225684
0.076131,-0.278344
0.076181,-0.248253
0.076231,-0.210639
0.076281,-0.210639
0.076331,-0.255775
0.076381,-0.270821
0.07643,-0.218161
0.07648,-0.285867
0.07653,-0.323481
0.07658,-0.308435
0.07663,-0.308435
0.07668,-0.225684
0.07673,-0.165502
0.07678,-0.180547
0.07683,-0.24073
0.07688,-0.263298
0.07693,-0.24073
0.07698,-0.180547
0.07703,-0.120365
0.07708,-0.120365
0.07713,-0.157979
0.07718,-0.142933
0.07723,-0.127888
0.07728,-0.05266
0.07733,-0.075228
0.07738,-0.015046
0.07743,0
0.07748,0.007523
0.07753,0.037614
0.07758,0.067705
0.07763,0.075228
0.07768,0.037614
0.07773,0.030091
0.07778,0.015046
0.07783,0
0.07788,0.05266
0.07793,0
0.07798,0.030091
0.07803,0.030091
0.07808,0
0.07813,-0.127888
0.07818,-0.135411
0.07823,-0.112842
0.07828,-0.112842
0.07833,-0.120365
0.07838,-0.120365
0.078429,-0.112842
0.078479,-0.067705
0.078529,-0.060182
0.078579,-0.105319
0.078629,-0.180547
0.078679,-0.225684
0.078729,-0.225684
0.078779,-0.293389
0.078829,-0.361095
0.078879,-0.37614
0.078929,-0.353572
0.078979,-0.413754
0.079029,-0.488982
0.079079,-0.473937
0.079129,-0.4288
0.079179,-0.48146
0.079229,-0.511551
0.079279,-0.534119
0.079329,-0.48146
0.079379,-0.541642
0.079429,-0.541642
0.079479,-0.541642
0.079529,-0.511551
0.079579,-0.56421
0.079629,-0.56421
0.079679,-0.639439
0.079729,-0.66953
0.079779,-0.654484
0.079829,-0.61687
0.079879,-0.586779
0.079929,-0.601824
0.079979,-0.556688
0.080029,-0.609347
0.080079,-0.624393
0.080129,-0.624393
0.080179,-0.579256
0.080229,-0.466414
0.080279,-0.48146
0.080329,-0.436323
0.080379,-0.488982
0.080428,-0.504028
0.080478,-0.496505
0.080528,-0.488982
0.080578,-0.383663
0.080628,-0.406232
0.080678,-0.421277
0.080728,-0.473937
0.080778,-0.48146
0.080828,-0.586779
0.080878,-0.579256
0.080928,-0.556688
0.080978,-0.56421
0.081028,-0.488982
0.081078,-0.511551
0.081128,-0.488982
0.081178,-0.413754
0.081228,-0.406232
0.081278,-0.37614
0.081328,-0.398709
0.081378,-0.398709
0.081428,-0.37614
0.081478,-0.406232
0.081528,-0.451368
0.081578,-0.473937
0.081628,-0.421277
0.081678,-0.346049
0.081728,-0.300912
0.081778,-0.285867
0.081828,-0.270821
0.081878,-0.24073
0.081928,-0.255775
0.081978,-0.248253
0.082028,-0.255775
0.082078,-0.24073
0.082128,-0.278344
0.082178,-0.300912
0.082228,-0.24073
0.082278,-0.195593
0.082328,-0.195593
0.082378,-0.225684
0.082427,-0.203116
0.082477,-0.225684
0.082527,-0.278344
0.082577,-0.300912
0.082627,-0.308435
0.082677,-0.263298
0.082727,-0.24073
0.082777,-0.203116
0.082827,-0.218161
0.082877,-0.278344
0.082927,-0.263298
0.082977,-0.24073
0.083027,-0.180547
0.083077,-0.127888
0.083127,-0.180547
0.083177,-0.233207
0.083227,-0.142933
0.083277,-0.142933
0.083327,-0.112842
0.083377,-0.060182
0.083427,-0.082751
0.083477,-0.082751
0.083527,-0.120365
0.083577,-0.120365
0.083627,-0.165502
0.083677,-0.195593
0.083727,-0.135411
0.083777,-0.067705
0.083827,-0.067705
0.083877,-0.120365
0.083927,-0.120365
0.083977,-0.090274
0.084027,-0.112842
0.084077,-0.127888
0.084127,-0.05266
0.084177,-0.037614
0.084227,-0.127888
0.084277,-0.195593
0.084327,-0.135411
0.084377,-0.090274
0.084426,-0.112842
0.084476,-0.142933
0.084526,-0.142933
0.084576,-0.120365
0.084626,-0.105319
0.084676,-0.082751
0.084726,-0.120365
0.084776,-0.120365
0.084826,-0.157979
0.084876,-0.067705
0.084926,0.007523
0.084976,0
0.085026,0
0.085076,0.045137
0.085126,-0.015046
0.085176,-0.060182
0.085226,-0.067705
0.085276,-0.007523
0.085326,-0.045137
0.085376,-0.112842
0.085426,-0.060182
0.085476,-0.030091
0.085526,-0.060182
0.085576,-0.060182
0.085626,-0.045137
0.085676,0.007523
0.085726,0.05266
0.085776,0.05266
0.085826,0.082751
0.085876,0.120365
0.085926,0.157979
0.085976,0.180547
0.086026,0.18807
0.086076,0.255775
0.086126,0.300912
0.086176,0.270821
0.086226,0.225684
0.086276,0.270821
0.086326,0.300912
0.086375,0.368617
0.086425,0.383663
0.086475,0.361095
0.086525,0.346049
0.086575,0.300912
0.086625,0.308435
0.086675,0.315958
0.086725,0.37614
0.086775,0.473937
0.086825,0.504028
0.086875,0.48146
0.086925,0.488982
0.086975,0.48146
0.087025,0.48146
0.087075,0.48146
0.087125,0.48146
0.087175,0.526596
0.087225,0.466414
0.087275,0.458891
0.087325,0.421277
0.087375,0.413754
0.087425,0.383663
0.087475,0.368617
0.087525,0.361095
0.087575,0.338526
0.087625,0.353572
0.087675,0.300912
0.087725,0.300912
0.087775,0.300912
0.087825,0.300912
0.087875,0.300912
0.087925,0.300912
0.087975,0.24073
0.088025,0.180547
0.088075,0.225684
0.088125,0.24073
0.088175,0.203116
0.088225,0.165502
0.088275,0.173025
0.088325,0.173025
0.088374,0.075228
0.088424,0
0.088474,-0.007523
0.088524,0.022568
0.088574,0.112842
0.088624,0.05266
0.088674,0.045137
0.088724,0.067705
0.088774,0.015046
0.088824,-0.007523
0.088874,-0.05266
0.088924,-0.007523
0.088974,-0.060182
0.089024,-0.105319
0.089074,-0.120365
0.089124,-0.05266
0.089174,0.015046
0.089224,-0.007523
0.089274,-0.022568
0.089324,0
0.089374,0.05266
0.089424,0.173025
0.089474,0.120365
0.089524,0.120365
0.089574,0.120365
0.089624,0.097796
0.089674,0.060182
0.089724,0.082751
0.089774,0.067705
0.089824,0.022568
0.089874,0.05266
0.089924,0.05266
0.089974,0.045137
0.090024,0.127888
0.090074,0.150456
0.090124,0.180547
0.090174,0.180547
0.090224,0.225684
0.090274,0.225684
0.090324,0.293389
0.090373,0.24073
0.090423,0.233207
0.090473,0.165502
0.090523,0.090274
0.090573,0.045137
0.090623,0.037614
0.090673,0.015046
0.090723,-0.037614
0.090773,-0.112842
0.090823,-0.195593
0.090873,-0.24073
0.090923,-0.180547
0.090973,-0.248253
0.091023,-0.300912
0.091073,-0.391186
0.091123,-0.436323
0.091173,-0.466414
0.091223,-0.48146
0.091273,-0.421277
0.091323,-0.436323
0.091373,-0.48146
0.091423,-0.526596
0.091473,-0.488982
0.091523,-0.413754
0.091573,-0.421277
0.091623,-0.443846
0.091673,-0.458891
0.091723,-0.421277
0.091773,-0.391186
0.091823,-0.37614
0.091873,-0.391186
0.091923,-0.406232
0.091973,-0.421277
0.092023,-0.315958
0.092073,-0.323481
0.092123,-0.331003
0.092173,-0.315958
0.092223,-0.338526
0.092273,-0.37614
0.092323,-0.436323
0.092372,-0.421277
0.092422,-0.458891
0.092472,-0.48146
0.092522,-0.541642
0.092572,-0.556688
0.092622,-0.571733
0.092672,-0.541642
0.092722,-0.488982
0.092772,-0.488982
0.092822,-0.473937
0.092872,-0.451368
0.092922,-0.443846
0.092972,-0.421277
0.093022,-0.436323
0.093072,-0.361095
0.093122,-0.361095
0.093172,-0.293389
0.093222,-0.18807
0.093272,-0.173025
0.093322,-0.195593
0.093372,-0.180547
0.093422,-0.127888
0.093472,-0.120365
0.093522,-0.067705
0.093572,0.015046
0.093622,0.060182
0.093672,0.060182
0.093722,0.05266
0.093772,0.067705
0.093822,0.120365
0.093872,0.120365
0.093922,0.05266
0.093972,0
0.094022,-0.037614
0.094072,-0.127888
0.094122,-0.300912
0.094172,-0.315958
0.094222,-0.248253
0.094272,-0.248253
0.094321,-0.263298
0.094371,-0.315958
0.094421,-0.383663
0.094471,-0.519074
0.094521,-0.594302
0.094571,-0.654484
0.094621,-0.699621
0.094671,-0.782372
0.094721,-0.865123
0.094771,-0.955396
0.094821,-0.895214
0.094871,-0.782372
0.094921,-0.707144
0.094971,-0.66953
0.095021,-0.662007
0.095071,-0.66953
0.095121,-0.662007
0.095171,-0.511551
0.095221,-0.421277
0.095271,-0.406232
0.095321,-0.308435
0.095371,-0.300912
0.095421,-0.315958
0.095471,-0.368617
0.095521,-0.406232
0.095571,-0.451368
0.095621,-0.488982
0.095671,-0.504028
0.095721,-0.639439
0.095771,-0.662007
0.095821,-0.61687
0.095871,-0.654484
0.095921,-0.646961
0.095971,-0.66953
0.096021,-0.662007
0.096071,-0.609347
0.096121,-0.56421
0.096171,-0.601824
0.096221,-0.549165
0.096271,-0.488982
0.09632,-0.4288
0.09637,-0.323481
0.09642,-0.278344
0.09647,-0.278344
0.09652,-0.225684
0.09657,-0.18807
0.09662,-0.18807
0.09667,-0.18807
0.09672,-0.233207
0.09677,-0.263298
0.09682,-0.293389
0.09687,-0.270821
0.09692,-0.263298
0.09697,-0.248253
0.09702,-0.24073
0.09707,-0.218161
0.09712,-0.173025
0.09717,-0.067705
0.09722,-0.180547
0.09727,-0.165502
0.09732,-0.142933
0.09737,-0.067705
0.09742,0.090274
0.09747,0.150456
0.09752,0.120365
0.09757,0.127888
0.09762,0.112842
0.09767,0.067705
0.09772,0.05266
0.09777,0.097796
0.09782,0.097796
0.09787,0.082751
0.09792,0
0.09797,-0.060182
0.09802,-0.105319
0.09807,-0.075228
0.09812,-0.05266
0.09817,0.05266
0.09822,0.135411
0.09827,0.173025
0.098319,0.368617
0.098369,0.571733
0.098419,0.639439
0.098469,0.654484
0.098519,0.631916
0.098569,0.654484
0.098619,0.56421
0.098669,0.48146
0.098719,0.4288
0.098769,0.413754
0.098819,0.368617
0.098869,0.300912
0.098919,0.157979
0.098969,0.105319
0.099019,0.067705
0.099069,0.233207
0.099119,0.488982
0.099169,0.722189
0.099219,0.789895
0.099269,0.827509
0.099319,0.759803
0.099369,0.782372
0.099419,0.759803
0.099469,0.61687
0.099519,0.473937
0.099569,0.361095
0.099619,0.263298
0.099669,0.142933
0.099719,-0.037614
0.099769,-0.180547
0.099819,-0.458891
0.099869,-0.662007
0.099919,-0.774849
0.099969,-0.872645
0.100019,-1.023102
0.100069,-1.143467
0.100119,-1.248786
0.100169,-1.241263
0.100219,-1.226217
0.100269,-1.135944
0.100318,-0.977965
0.100368,-0.767326
0.100418,-0.631916
0.100468,-0.473937
0.100518,-0.233207
0.100568,-0.007523
0.100618,0.173025
0.100668,0.18807
0.100718,0.285867
0.100768,0.466414
0.100818,0.534119
0.100868,0.48146
0.100918,0.549165
0.100968,0.646961
0.101018,0.601824
0.101068,0.646961
0.101118,0.66953
0.101168,0.488982
0.101218,0.406232
0.101268,0.361095
0.101318,0.323481
0.101368,0.278344
0.101418,0.24073
0.101468,0.075228
0.101518,-0.05266
0.101568,-0.112842
0.101618,-0.127888
0.101668,-0.097796
0.101718,-0.120365
0.101768,-0.120365
0.101818,-0.150456
0.101868,-0.218161
0.101918,-0.18807
0.101968,-0.112842
0.102018,0.05266
0.102068,0.173025
0.102118,0.293389
0.102168,0.37614
0.102218,0.458891
0.102268,0.458891
0.102317,0.488982
0.102367,0.421277
0.102417,0.421277
0.102467,0.496505
0.102517,0.353572
0.102567,0.165502
0.102617,0.015046
0.102667,-0.05266
0.102717,-0.173025
0.102767,-0.285867
0.102817,-0.413754
0.102867,-0.541642
0.102917,-0.662007
0.102967,-0.662007
0.103017,-0.684575
0.103067,-0.601824
0.103117,-0.534119
0.103167,-0.511551
0.103217,-0.436323
0.103267,-0.278344
0.103297,-0.127888
0.103347,-0.075228
0.103397,0
0.103447,0.097796
0.103497,0.195593
0.103547,0.331003
0.103597,0.466414
0.103647,0.752281
0.103697,0.902737
0.103747,1.04567
0.103797,1.000533
0.103847,0.887691
0.103897,0.662007
0.103947,0.511551
0.103997,0.421277
0.104047,0.293389
0.104097,0.120365
0.104147,0.007523
0.104197,-0.165502
0.104247,-0.4288
0.104297,-0.662007
0.104347,-0.737235
0.104397,-0.842554
0.104447,-0.850077
0.104497,-0.947874
0.104547,-1.023102
0.104597,-1.030624
0.104647,-0.940351
0.104697,-0.835031
0.104747,-0.662007
0.104797,-0.631916
0.104847,-0.519074
0.104897,-0.406232
0.104947,-0.203116
0.104997,0.007523
0.105048,0.112842
0.105098,0.150456
0.105148,0.255775
0.105198,0.398709
0.105248,0.451368
0.105298,0.496505
0.105348,0.579256
0.105398,0.601824
0.105448,0.534119
0.105498,0.488982
0.105548,0.436323
0.105598,0.308435
0.105648,0.218161
0.105698,-0.105319
0.105748,-0.398709
0.105798,-0.56421
0.105848,-0.737235
0.105898,-0.887691
0.105948,-1.09833
0.105998,-1.278877
0.106048,-1.497038
0.106098,-1.632449
0.106148,-1.66254
0.106198,-1.730245
0.106248,-1.820519
0.106298,-1.865656
0.106348,-1.797951
0.106398,-1.865656
0.106448,-1.85061
0.106498,-1.828042
0.106548,-1.632449
0.106598,-1.52713
0.106648,-1.497038
0.106698,-1.414288
0.106748,-1.256309
0.106798,-1.143467
0.106848,-1.04567
0.106898,-0.970442
0.106948,-0.8576
0.106998,-0.752281
0.107048,-0.677053
0.107098,-0.624393
0.107148,-0.534119
0.107198,-0.421277
0.107248,-0.391186
0.107298,-0.368617
0.107348,-0.248253
0.107398,-0.18807
0.107448,-0.248253
0.107498,-0.218161
0.107548,-0.112842
0.107598,-0.210639
0.107648,-0.225684
0.107698,-0.248253
0.107748,-0.24073
0.107798,-0.195593
0.107848,-0.315958
0.107898,-0.338526
0.107948,-0.353572
0.107998,-0.368617
0.108048,-0.383663
0.108098,-0.48146
0.108148,-0.421277
0.108198,-0.458891
0.108248,-0.624393
0.108298,-0.677053
0.108348,-0.699621
0.108398,-0.8576
0.108448,-0.842554
0.108499,-0.759803
0.108549,-0.737235
0.108599,-0.835031
0.108649,-0.819986
0.108699,-0.850077
0.108749,-0.880168
0.108799,-0.8576
0.108849,-0.789895
0.108899,-0.789895
0.108949,-0.767326
0.108999,-0.744758
0.109049,-0.782372
0.109099,-0.66953
0.109149,-0.677053
0.109199,-0.782372
0.109249,-0.789895
0.109299,-0.729712
0.109349,-0.684575
0.109399,-0.677053
0.109449,-0.722189
0.109499,-0.80494
0.109549,-0.812463
0.109599,-0.782372
0.109649,-0.8576
0.109699,-0.774849
0.109749,-0.646961
0.109799,-0.594302
0.109849,-0.56421
0.109899,-0.541642
0.109949,-0.549165
0.109999,-0.488982
0.110049,-0.443846
0.110099,-0.526596
0.110149,-0.586779
0.110199,-0.662007
0.110249,-0.80494
0.110299,-0.8576
0.110349,-0.835031
0.110399,-0.835031
0.110449,-0.902737
0.110499,-0.835031
0.110549,-0.812463
0.110599,-0.8576
0.110649,-0.917782
0.110699,-1.030624
0.110749,-1.090807
0.110799,-1.113375
0.110849,-1.083284
0.110899,-1.105852
0.110949,-1.030624
0.110999,-1.023102
0.111049,-0.977965
0.111099,-0.865123
0.111149,-0.789895
0.111199,-0.759803
0.111249,-0.66953
0.111299,-0.586779
0.111349,-0.601824
0.111399,-0.534119
0.111449,-0.451368
0.111499,-0.37614
0.111549,-0.398709
0.111599,-0.451368
0.111649,-0.466414
0.111699,-0.406232
0.111749,-0.37614
0.111799,-0.473937
0.111849,-0.601824
0.1119,-0.556688
0.11195,-0.579256
0.112,-0.677053
0.11205,-0.752281
0.1121,-0.850077
0.11215,-0.827509
0.1122,-0.677053
0.11225,-0.654484
0.1123,-0.744758
0.11235,-0.872645
0.1124,-0.895214
0.11245,-1.038147
0.1125,-0.985488
0.11255,-1.023102
0.1126,-1.09833
0.11265,-1.083284
0.1127,-1.075761
0.11275,-1.158512
0.1128,-1.143467
0.11285,-1.068238
0.1129,-0.970442
0.11295,-0.902737
0.113,-1.060716
0.11305,-1.090807
0.1131,-0.99301
0.11315,-0.977965
0.1132,-0.91026
0.11325,-0.902737
0.1133,-0.722189
0.11335,-0.699621
0.1134,-0.624393
0.11345,-0.549165
0.1135,-0.541642
0.11355,-0.488982
0.1136,-0.421277
0.11365,-0.300912
0.1137,-0.120365
0.11375,0.007523
0.1138,0.05266
0.11385,0.082751
0.1139,0.263298
0.11395,0.285867
0.114,0.278344
0.11405,0.331003
0.1141,0.338526
0.11415,0.406232
0.1142,0.488982
0.11425,0.541642
0.1143,0.549165
0.11435,0.541642
0.1144,0.534119
0.11445,0.511551
0.1145,0.594302
0.11455,0.61687
0.1146,0.639439
0.11465,0.662007
0.1147,0.707144
0.11475,0.782372
0.1148,0.8576
0.11485,0.842554
0.1149,0.850077
0.11495,0.902737
0.115,0.902737
0.11505,0.842554
0.1151,0.880168
0.11515,0.895214
0.1152,0.902737
0.11525,0.827509
0.1153,0.835031
0.115351,0.782372
0.115401,0.714667
0.115451,0.662007
0.115501,0.609347
0.115551,0.541642
0.115601,0.48146
0.115651,0.466414
0.115701,0.421277
0.115751,0.368617
0.115801,0.353572
0.115851,0.308435
0.115901,0.331003
0.115951,0.300912
0.116001,0.135411
0.116051,0.05266
0.116101,-0.015046
0.116151,-0.015046
0.116201,0.05266
0.116251,0.157979
0.116301,0.142933
0.116351,0.112842
0.116401,0.097796
0.116451,0.075228
0.116501,0.015046
0.116551,-0.015046
0.116601,0
0.116651,0.022568
0.116701,-0.015046
0.116751,-0.127888
0.116801,-0.248253
0.116851,-0.263298
0.116901,-0.255775
0.116951,-0.338526
0.117001,-0.37614
0.117051,-0.413754
0.117101,-0.413754
0.117151,-0.383663
0.117201,-0.436323
0.117251,-0.421277
0.117301,-0.285867
0.117351,-0.18807
0.117401,-0.18807
0.117451,-0.195593
0.117501,-0.180547
0.117551,-0.082751
0.117601,0.05266
0.117651,0.180547
0.117701,0.353572
0.117751,0.368617
0.117801,0.413754
0.117851,0.48146
0.117901,0.421277
0.117951,0.338526
0.118001,0.248253
0.118051,0.218161
0.118101,0.18807
0.118151,0.218161
0.118201,0.150456
0.118251,0.030091
0.118301,-0.015046
0.118351,-0.097796
0.118401,-0.165502
0.118451,-0.233207
0.118501,-0.233207
0.118551,-0.203116
0.118601,-0.248253
0.118651,-0.278344
0.118701,-0.263298
0.118751,-0.195593
0.118802,-0.18807
0.118852,-0.165502
0.118902,-0.127888
0.118952,-0.180547
0.119002,-0.255775
0.119052,-0.300912
0.119102,-0.308435
0.119152,-0.331003
0.119202,-0.361095
0.119252,-0.353572
0.119302,-0.308435
0.119352,-0.300912
0.119402,-0.323481
0.119452,-0.346049
0.119502,-0.353572
0.119552,-0.346049
0.119602,-0.406232
0.119652,-0.436323
0.119702,-0.406232
0.119752,-0.338526
0.119802,-0.300912
0.119852,-0.248253
0.119902,-0.233207
0.119952,-0.255775
0.120002,-0.346049
0.120052,-0.368617
0.120102,-0.368617
0.120152,-0.406232
0.120202,-0.466414
0.120252,-0.421277
0.120302,-0.331003
0.120352,-0.361095
0.120402,-0.346049
0.120452,-0.361095
0.120502,-0.4288
0.120552,-0.413754
0.120602,-0.361095
0.120652,-0.361095
0.120702,-0.413754
0.120752,-0.4288
0.120802,-0.511551
0.120852,-0.519074
0.120902,-0.488982
0.120952,-0.48146
0.121002,-0.421277
0.121052,-0.413754
0.121102,-0.4288
0.121152,-0.406232
0.121202,-0.421277
0.121252,-0.398709
0.121302,-0.37614
0.121352,-0.361095
0.121402,-0.300912
0.121452,-0.331003
0.121502,-0.361095
0.121552,-0.361095
0.121602,-0.368617
0.121652,-0.37614
0.121702,-0.315958
0.121752,-0.218161
0.121802,-0.180547
0.121852,-0.180547
0.121902,-0.180547
0.121952,-0.120365
0.122002,-0.097796
0.122052,-0.060182
0.122102,0
0.122152,0.082751
0.122202,0.165502
0.122253,0.120365
0.122303,0.060182
0.122353,-0.037614
0.122403,-0.105319
0.122453,-0.142933
0.122503,-0.150456
0.122553,-0.150456
0.122603,-0.203116
0.122653,-0.270821
0.122703,-0.37614
0.122753,-0.413754
0.122803,-0.473937
0.122853,-0.549165
0.122903,-0.586779
0.122953,-0.534119
0.123003,-0.443846
0.123053,-0.466414
0.123103,-0.488982
0.123153,-0.504028
0.123203,-0.526596
0.123253,-0.519074
0.123303,-0.526596
0.123353,-0.466414
0.123403,-0.421277
0.123453,-0.421277
0.123503,-0.361095
0.123553,-0.315958
0.123603,-0.368617
0.123653,-0.4288
0.123703,-0.406232
0.123753,-0.368617
0.123803,-0.368617
0.123853,-0.278344
0.123903,-0.127888
0.123953,-0.007523
0.124003,-0.015046
0.124053,0.037614
0.124103,0.060182
0.124153,0.127888
0.124203,0.127888
0.124253,0.142933
0.124303,0.225684
0.124353,0.346049
0.124403,0.421277
0.124453,0.421277
0.124503,0.413754
0.124553,0.421277
0.124603,0.466414
0.124653,0.541642
0.124703,0.61687
0.124753,0.684575
0.124803,0.707144
0.124853,0.729712
0.124903,0.789895
0.124953,0.842554
0.125003,0.902737
0.125053,0.895214
0.125103,0.91026
0.125153,0.917782
0.125203,0.902737
0.125253,0.842554
0.125303,0.835031
0.125353,0.827509
0.125403,0.827509
0.125453,0.835031
0.125503,0.850077
0.125553,0.91026
0.125603,0.917782
0.125654,0.835031
0.125704,0.895214
0.125754,0.902737
0.125804,0.835031
0.125854,0.819986
0.125904,0.872645
0.125954,0.925305
0.126004,0.902737
0.126054,0.842554
0.126104,0.835031
0.126154,0.842554
0.126204,0.842554
0.126254,0.895214
0.126304,0.819986
0.126354,0.774849
0.126404,0.729712
0.126454,0.819986
0.126504,0.819986
0.126554,0.880168
0.126604,0.819986
